{
  "project_info": {
    "project_number": "266602143644",
    "project_id": "project-4703162076597574869",
    "storage_bucket": "project-4703162076597574869.appspot.com"
  },
  "client": [
    {
      "client_info": {
        "mobilesdk_app_id": "1:266602143644:android:d1029913f953c3e4acb259",
        "android_client_info": {
          "package_name": "com.example.myapplication"
        }
      },
      "oauth_client": [],
      "api_key": [
        {
          "current_key": "AIzaSyCE6McAf3fWBh0r2JM5zoX2CegUYYMxUW8"
        }
      ],
      "services": {
        "appinvite_service": {
          "other_platform_oauth_client": []
        }
      }
    }
  ],
  "configuration_version": "1"
}